               epoch,      train/box_loss,      train/obj_loss,      train/cls_loss,   metrics/precision,      metrics/recall,     metrics/mAP_0.5,metrics/mAP_0.5:0.95,        val/box_loss,        val/obj_loss,        val/cls_loss,               x/lr0,               x/lr1,               x/lr2
                   0,             0.11003,            0.047636,            0.049087,           0.0006877,             0.01157,           0.0002907,          4.5488e-05,            0.089198,            0.038516,            0.045737,             0.00055,             0.00055,             0.09505
                   1,            0.093507,            0.055305,            0.043949,             0.22259,            0.032919,           0.0053915,           0.0010565,            0.082992,            0.041175,            0.044577,             0.00111,             0.00111,             0.09001
                   2,             0.07425,            0.054689,            0.040946,            0.062259,             0.19771,            0.051107,            0.011889,            0.062617,            0.034395,             0.04481,           0.0016698,           0.0016698,             0.08497
                   3,            0.067851,            0.047109,            0.040567,             0.57935,             0.22005,             0.12009,            0.041566,            0.057115,            0.030833,            0.044313,           0.0022295,           0.0022295,             0.07993
                   4,             0.06464,            0.041151,            0.039711,             0.32907,             0.21793,             0.10904,            0.029185,            0.053754,            0.027439,            0.042232,           0.0027889,           0.0027889,            0.074889
                   5,            0.059508,            0.037553,            0.038839,             0.36368,             0.27988,             0.15967,            0.057151,            0.047101,            0.025691,            0.042063,           0.0033479,           0.0033479,            0.069848
                   6,            0.057021,            0.037614,            0.038724,              0.3505,             0.32172,             0.19758,            0.075273,            0.044822,             0.02521,            0.041778,           0.0039065,           0.0039065,            0.064807
                   7,            0.053476,            0.034871,            0.039043,             0.14977,             0.44144,             0.20718,            0.082794,            0.044963,            0.024438,             0.04102,           0.0044646,           0.0044646,            0.059765
                   8,             0.05091,            0.036053,            0.038895,             0.13983,             0.57806,             0.24771,            0.090536,             0.04152,            0.023602,            0.039401,           0.0050221,           0.0050221,            0.054722
                   9,             0.05459,            0.032839,            0.037432,             0.20952,             0.49667,              0.2473,            0.095364,            0.046361,            0.025545,            0.038045,           0.0055788,           0.0055788,            0.049679
                  10,            0.052586,            0.034509,            0.036284,             0.15041,               0.287,             0.16388,            0.064099,            0.054565,            0.033243,            0.040266,           0.0061348,           0.0061348,            0.044635
                  11,            0.050751,            0.034252,             0.03559,             0.22872,             0.49767,             0.32598,             0.15203,            0.038815,            0.025066,            0.038323,             0.00669,             0.00669,             0.03959
                  12,             0.04808,            0.031548,            0.033737,             0.73755,             0.36509,             0.39458,             0.15422,             0.03763,            0.022922,            0.035255,           0.0072442,           0.0072442,            0.034544
                  13,            0.048248,            0.031891,            0.032245,             0.72531,             0.36339,             0.40814,             0.18436,            0.035131,            0.022572,            0.032771,           0.0077974,           0.0077974,            0.029497
                  14,            0.046619,             0.03183,            0.029916,             0.24398,             0.63254,             0.36334,             0.14686,            0.041215,            0.023433,            0.032539,           0.0083495,           0.0083495,            0.024449
                  15,            0.052391,             0.03225,             0.03101,             0.26501,             0.53224,             0.44005,             0.18238,            0.038369,             0.02292,            0.032688,           0.0089004,           0.0089004,              0.0194
                  16,            0.047837,            0.032293,            0.028923,             0.34605,             0.52021,             0.47686,             0.22145,            0.035249,            0.023097,            0.029462,           0.0094501,           0.0094501,             0.01435
                  17,            0.046584,            0.031737,            0.026644,             0.37436,             0.61861,             0.49134,             0.22182,            0.036458,            0.023455,            0.030089,           0.0099289,           0.0099289,           0.0099289
                  18,            0.044312,            0.031193,            0.027545,             0.53296,             0.64792,             0.56161,             0.27028,            0.034723,            0.023217,            0.027352,           0.0099289,           0.0099289,           0.0099289
                  19,            0.042824,            0.030554,            0.027164,             0.41688,             0.71568,             0.56184,             0.25386,            0.035796,            0.022364,            0.027197,           0.0099203,           0.0099203,           0.0099203
                  20,            0.043627,            0.031543,            0.024655,             0.52167,             0.77589,             0.62742,             0.29398,            0.034091,            0.021954,            0.027207,           0.0099112,           0.0099112,           0.0099112
                  21,            0.039722,            0.031064,            0.023441,             0.51768,             0.67123,             0.59646,             0.26964,            0.031865,            0.021236,            0.024893,           0.0099017,           0.0099017,           0.0099017
                  22,            0.042761,            0.030071,            0.023386,             0.73232,              0.5422,             0.61696,             0.29292,            0.034686,            0.021435,            0.025253,           0.0098916,           0.0098916,           0.0098916
                  23,            0.040818,            0.030936,            0.022152,             0.58063,             0.63361,             0.65599,             0.32155,            0.032632,            0.021306,            0.023255,           0.0098811,           0.0098811,           0.0098811
                  24,            0.041363,            0.030108,             0.02167,             0.68906,             0.56461,             0.63972,             0.29891,            0.031921,            0.021502,            0.025919,           0.0098701,           0.0098701,           0.0098701
                  25,            0.039376,            0.029656,            0.021232,             0.63227,             0.59072,             0.62777,              0.3124,            0.033143,            0.023384,            0.025767,           0.0098586,           0.0098586,           0.0098586
                  26,            0.039078,            0.029696,            0.019557,             0.70874,             0.62686,             0.67038,              0.3098,            0.033272,            0.021801,            0.024916,           0.0098467,           0.0098467,           0.0098467
                  27,            0.038116,            0.030133,            0.018846,             0.71977,             0.61725,              0.6928,             0.32558,            0.030769,             0.02142,            0.023241,           0.0098342,           0.0098342,           0.0098342
                  28,            0.040575,            0.029493,            0.017952,             0.64645,             0.71525,             0.71084,             0.34767,            0.031565,            0.021608,            0.021485,           0.0098213,           0.0098213,           0.0098213
                  29,            0.038604,            0.028221,            0.016062,             0.70546,             0.62245,             0.66853,             0.31884,            0.031226,            0.022156,            0.024474,           0.0098079,           0.0098079,           0.0098079
                  30,            0.038383,            0.030061,            0.016946,             0.78375,             0.63842,             0.68239,             0.31272,            0.032224,            0.021753,            0.022135,           0.0097941,           0.0097941,           0.0097941
                  31,            0.038411,            0.029346,            0.016796,             0.80857,             0.61158,             0.68604,             0.30734,            0.031951,            0.022386,            0.022319,           0.0097798,           0.0097798,           0.0097798
                  32,            0.038682,            0.028932,             0.01588,             0.60647,             0.61989,             0.64218,             0.29523,            0.033203,            0.021904,             0.02383,            0.009765,            0.009765,            0.009765
                  33,            0.037424,            0.028624,            0.015074,             0.75645,             0.67439,             0.75302,             0.34945,            0.031444,            0.021348,            0.020262,           0.0097497,           0.0097497,           0.0097497
                  34,            0.038016,            0.027753,            0.015201,             0.64683,             0.68849,             0.69406,             0.31806,            0.032807,            0.021457,            0.022328,            0.009734,            0.009734,            0.009734
                  35,            0.036832,            0.027946,            0.013352,             0.64089,             0.69685,             0.69974,             0.32955,            0.031902,            0.022142,            0.023669,           0.0097178,           0.0097178,           0.0097178
                  36,            0.036635,            0.028636,            0.014947,             0.74442,             0.61909,             0.70824,             0.32994,            0.032154,            0.022346,            0.022208,           0.0097011,           0.0097011,           0.0097011
                  37,            0.037393,            0.026761,            0.014031,             0.74293,             0.74462,             0.75624,             0.36384,            0.032659,            0.021672,            0.018251,            0.009684,            0.009684,            0.009684
                  38,            0.036768,            0.027944,            0.012234,             0.68867,             0.64983,             0.67521,             0.33605,            0.031143,            0.021024,            0.022094,           0.0096664,           0.0096664,           0.0096664
                  39,            0.036503,             0.02802,            0.013162,             0.78473,             0.73466,             0.76414,             0.37194,            0.031537,            0.021178,            0.014875,           0.0096484,           0.0096484,           0.0096484
                  40,            0.036263,            0.027233,            0.012052,             0.83507,             0.69669,             0.76709,              0.3647,            0.032867,            0.021172,            0.016058,           0.0096299,           0.0096299,           0.0096299
                  41,             0.03735,            0.028225,            0.012508,              0.8067,             0.63393,             0.71507,             0.34096,            0.031878,             0.02183,            0.018517,            0.009611,            0.009611,            0.009611
                  42,            0.036074,            0.026903,            0.011456,             0.78483,             0.67104,             0.73568,             0.36179,            0.030793,            0.021482,            0.020067,           0.0095916,           0.0095916,           0.0095916
                  43,            0.036312,            0.027312,            0.011785,             0.72229,             0.74932,             0.74671,             0.36266,            0.032324,            0.021553,            0.017046,           0.0095717,           0.0095717,           0.0095717
                  44,            0.035442,            0.028006,            0.011074,              0.7567,             0.72437,             0.74585,             0.37052,            0.033273,            0.021299,            0.014861,           0.0095514,           0.0095514,           0.0095514
                  45,            0.035788,            0.027233,            0.010845,             0.81721,             0.73832,             0.80532,             0.37443,            0.031898,            0.021388,            0.016252,           0.0095307,           0.0095307,           0.0095307
                  46,            0.035398,            0.027701,            0.010766,             0.77752,             0.72004,             0.77826,             0.38164,            0.031462,            0.021279,              0.0175,           0.0095095,           0.0095095,           0.0095095
                  47,            0.034889,            0.026907,            0.011319,             0.69671,             0.77286,              0.7686,              0.3745,            0.032621,            0.021428,            0.015795,           0.0094879,           0.0094879,           0.0094879
                  48,             0.03482,            0.027074,             0.01055,             0.74556,             0.71357,             0.77389,             0.39177,            0.031366,            0.022202,            0.014748,           0.0094659,           0.0094659,           0.0094659
                  49,            0.035307,            0.027285,            0.010044,             0.73389,             0.69741,             0.73088,             0.35393,            0.032914,            0.022315,            0.017817,           0.0094434,           0.0094434,           0.0094434
                  50,             0.03543,            0.027553,             0.01007,             0.79317,             0.69264,             0.77797,             0.38849,            0.031547,            0.022011,            0.018601,           0.0094205,           0.0094205,           0.0094205
                  51,             0.03496,            0.027967,           0.0095582,             0.83358,             0.69577,             0.75639,             0.38777,            0.033347,            0.021455,            0.014372,           0.0093971,           0.0093971,           0.0093971
                  52,            0.035697,            0.027539,            0.010253,             0.85292,              0.7152,             0.80972,             0.38705,            0.032234,            0.021366,            0.014649,           0.0093733,           0.0093733,           0.0093733
                  53,            0.034511,             0.02674,            0.009433,             0.81363,             0.75028,             0.82881,             0.40364,            0.030661,            0.021454,            0.012776,           0.0093491,           0.0093491,           0.0093491
                  54,            0.035537,            0.027492,           0.0087407,             0.81568,             0.70541,             0.78823,             0.37494,            0.032502,             0.02137,            0.015195,           0.0093245,           0.0093245,           0.0093245
                  55,            0.035759,            0.026913,           0.0093105,             0.82315,             0.71433,             0.79734,             0.38988,            0.030567,            0.021818,            0.016825,           0.0092995,           0.0092995,           0.0092995
                  56,            0.033446,            0.026494,           0.0084544,             0.75498,             0.78668,               0.794,             0.39625,             0.03105,            0.022208,            0.016423,            0.009274,            0.009274,            0.009274
                  57,            0.033678,            0.026864,           0.0081866,             0.74451,               0.683,             0.74062,             0.35745,            0.031761,            0.021882,            0.016393,           0.0092481,           0.0092481,           0.0092481
                  58,            0.033547,            0.027654,           0.0089646,              0.8018,             0.70044,             0.76609,             0.36751,            0.032197,            0.021495,             0.01578,           0.0092219,           0.0092219,           0.0092219
                  59,            0.034228,            0.027206,           0.0076428,             0.72517,             0.72413,             0.75722,             0.37184,            0.032692,            0.021162,            0.016101,           0.0091952,           0.0091952,           0.0091952
                  60,            0.034172,            0.026719,           0.0085566,               0.841,             0.71384,             0.80137,             0.37421,            0.032776,            0.021675,             0.01441,           0.0091681,           0.0091681,           0.0091681
                  61,               0.034,            0.026755,           0.0088276,             0.78792,             0.74988,             0.78973,             0.38473,            0.032252,             0.02208,            0.012602,           0.0091406,           0.0091406,           0.0091406
                  62,            0.033109,            0.025444,           0.0079277,             0.73739,              0.7265,             0.76763,             0.38591,            0.030944,            0.022033,            0.015296,           0.0091127,           0.0091127,           0.0091127
                  63,            0.032655,            0.025149,           0.0078865,             0.83322,             0.69989,             0.76896,              0.3706,            0.031918,            0.022105,            0.017077,           0.0090844,           0.0090844,           0.0090844
                  64,            0.034027,            0.026094,           0.0077753,             0.81081,             0.71503,             0.78993,             0.38291,            0.032649,            0.021622,            0.016017,           0.0090557,           0.0090557,           0.0090557
                  65,            0.033137,              0.0263,           0.0079688,             0.76732,             0.74815,             0.77926,             0.37972,            0.031332,            0.021432,             0.01329,           0.0090266,           0.0090266,           0.0090266
                  66,            0.033405,            0.026394,           0.0076477,             0.82707,             0.69908,              0.7807,             0.38831,            0.030188,            0.022095,            0.014289,           0.0089972,           0.0089972,           0.0089972
                  67,            0.033452,            0.026604,           0.0078774,              0.7913,             0.73183,             0.79731,             0.38536,            0.032119,            0.021857,            0.013717,           0.0089673,           0.0089673,           0.0089673
                  68,            0.033822,            0.026242,           0.0070618,             0.79853,             0.72768,                0.79,             0.36807,            0.032648,            0.022466,            0.012455,           0.0089371,           0.0089371,           0.0089371
                  69,            0.032541,            0.026002,           0.0063086,             0.77341,             0.75639,             0.78563,             0.38866,            0.031764,            0.022614,            0.013772,           0.0089065,           0.0089065,           0.0089065
                  70,             0.03199,             0.02476,           0.0066233,              0.7825,              0.7611,             0.78779,             0.39625,            0.030854,            0.022556,            0.015297,           0.0088755,           0.0088755,           0.0088755
                  71,            0.032996,             0.02462,           0.0066765,             0.76788,             0.70331,             0.76175,             0.38171,            0.031156,            0.022623,            0.015111,           0.0088442,           0.0088442,           0.0088442
                  72,            0.032528,             0.02561,           0.0066013,             0.81686,             0.74198,             0.79582,             0.38932,            0.031639,            0.021978,            0.012545,           0.0088124,           0.0088124,           0.0088124
                  73,            0.032938,            0.025948,            0.006578,             0.76881,             0.75619,             0.78215,             0.37863,            0.032545,            0.022874,            0.013868,           0.0087804,           0.0087804,           0.0087804
                  74,            0.032335,            0.024682,           0.0061626,             0.78466,             0.76623,               0.797,             0.40417,            0.031639,            0.022085,            0.015585,           0.0087479,           0.0087479,           0.0087479
                  75,            0.032528,            0.025808,           0.0062973,             0.68628,             0.73647,             0.78313,             0.39199,            0.031979,            0.022285,            0.015749,           0.0087151,           0.0087151,           0.0087151
                  76,            0.032639,            0.026122,            0.006204,             0.82027,             0.69644,             0.80122,             0.38746,            0.032855,            0.022951,            0.013843,            0.008682,            0.008682,            0.008682
                  77,             0.03141,            0.023999,           0.0061456,             0.82805,             0.71394,             0.79087,             0.38423,            0.031673,            0.023007,            0.013638,           0.0086485,           0.0086485,           0.0086485
                  78,            0.031643,            0.024847,            0.006575,             0.81155,             0.69935,             0.78471,             0.39049,            0.032037,            0.022792,            0.012942,           0.0086146,           0.0086146,           0.0086146
                  79,            0.032215,            0.024966,           0.0055418,             0.85891,             0.68564,             0.80395,             0.40047,            0.032171,            0.022002,            0.015139,           0.0085805,           0.0085805,           0.0085805
                  80,            0.030644,            0.024788,           0.0055012,             0.79211,             0.69286,              0.7636,             0.37618,            0.031781,             0.02295,            0.017158,           0.0085459,           0.0085459,           0.0085459
                  81,             0.03143,            0.024238,           0.0060192,             0.81241,              0.6849,                0.78,             0.38345,            0.032112,            0.022398,            0.016087,           0.0085111,           0.0085111,           0.0085111
                  82,            0.031564,            0.024495,           0.0055915,             0.80389,             0.75984,             0.80915,             0.39754,            0.030327,            0.022161,            0.015596,           0.0084759,           0.0084759,           0.0084759
                  83,            0.031345,            0.024869,            0.005774,             0.75536,             0.75049,              0.7766,             0.38053,            0.031442,            0.022094,            0.017494,           0.0084404,           0.0084404,           0.0084404
                  84,            0.031489,            0.024862,           0.0058246,              0.7884,             0.73455,             0.78277,             0.38189,            0.031893,            0.022754,            0.016817,           0.0084046,           0.0084046,           0.0084046
                  85,            0.031353,            0.025575,           0.0053006,             0.75134,             0.72785,             0.77315,             0.37436,            0.032063,            0.022349,            0.016082,           0.0083684,           0.0083684,           0.0083684
                  86,            0.031308,            0.024824,           0.0052975,             0.82065,             0.68987,             0.79337,             0.39224,             0.03126,            0.023103,            0.015564,           0.0083319,           0.0083319,           0.0083319
                  87,            0.030745,            0.024378,           0.0057316,             0.83784,             0.71291,              0.8097,             0.39573,            0.032309,            0.022348,            0.012028,           0.0082952,           0.0082952,           0.0082952
                  88,            0.030904,            0.024963,           0.0048147,             0.76455,              0.7899,             0.79815,             0.39365,            0.031415,            0.022649,            0.013659,           0.0082581,           0.0082581,           0.0082581
                  89,             0.03085,            0.022969,            0.005033,             0.75807,             0.77145,             0.78431,             0.41258,            0.031983,            0.022864,            0.016298,           0.0082207,           0.0082207,           0.0082207
                  90,            0.030026,            0.023711,           0.0054853,             0.77183,             0.75418,             0.80112,             0.38306,            0.031326,            0.022444,            0.015009,            0.008183,            0.008183,            0.008183
                  91,            0.029899,            0.024456,           0.0050376,             0.79736,             0.76695,             0.80884,             0.39325,             0.03271,            0.022623,            0.014384,            0.008145,            0.008145,            0.008145
                  92,            0.030428,            0.024611,           0.0057383,             0.78704,             0.75011,             0.77755,             0.39381,            0.031439,            0.022799,            0.014238,           0.0081068,           0.0081068,           0.0081068
                  93,            0.030687,            0.023847,            0.005017,             0.80065,             0.69534,             0.76012,             0.37918,            0.031075,              0.0227,            0.015796,           0.0080682,           0.0080682,           0.0080682
                  94,             0.03115,            0.025005,           0.0047558,             0.82967,             0.73783,             0.78746,              0.3813,            0.031296,            0.022901,            0.015871,           0.0080294,           0.0080294,           0.0080294
                  95,            0.029739,            0.022918,           0.0051478,             0.77539,             0.75542,             0.79081,             0.38632,            0.031036,            0.022968,            0.015232,           0.0079903,           0.0079903,           0.0079903
                  96,            0.029829,            0.024095,           0.0047514,             0.80402,             0.73479,             0.78021,             0.38635,            0.031521,            0.023319,            0.017142,           0.0079509,           0.0079509,           0.0079509
                  97,            0.030447,            0.024886,           0.0047051,             0.83605,             0.68977,              0.7915,             0.38561,            0.031143,            0.022864,            0.016211,           0.0079112,           0.0079112,           0.0079112
                  98,            0.029627,              0.0232,           0.0046867,             0.79664,             0.72924,             0.79197,             0.37875,             0.03141,             0.02311,            0.015803,           0.0078713,           0.0078713,           0.0078713
                  99,             0.02938,            0.022932,           0.0052811,             0.76119,             0.74508,             0.79077,                 0.4,            0.031501,            0.022635,            0.017362,           0.0078311,           0.0078311,           0.0078311
                 100,            0.029701,            0.023677,           0.0051195,             0.82475,             0.74764,             0.79765,             0.40065,            0.030754,            0.022739,            0.015699,           0.0077907,           0.0077907,           0.0077907
                 101,            0.029865,            0.023253,           0.0045594,             0.83507,             0.69778,             0.81084,             0.38074,             0.03085,             0.02296,             0.01516,             0.00775,             0.00775,             0.00775
                 102,            0.029097,             0.02292,           0.0047893,             0.80088,             0.72282,             0.79037,             0.40338,            0.030716,            0.022831,            0.018082,           0.0077091,           0.0077091,           0.0077091
                 103,            0.028937,            0.023916,           0.0047649,              0.7972,             0.75021,             0.78529,             0.39204,            0.031018,            0.023493,            0.015325,           0.0076679,           0.0076679,           0.0076679
                 104,            0.028653,            0.022177,           0.0042949,             0.82353,             0.72288,               0.793,             0.39009,            0.030952,            0.023394,            0.014633,           0.0076265,           0.0076265,           0.0076265
                 105,            0.029035,            0.023231,           0.0045052,             0.76154,             0.76383,             0.78459,             0.39297,            0.030753,            0.022607,            0.015992,           0.0075848,           0.0075848,           0.0075848
                 106,            0.029606,            0.022744,           0.0044168,             0.78895,             0.77423,             0.78959,             0.38708,            0.030901,            0.022887,            0.015055,            0.007543,            0.007543,            0.007543
                 107,            0.028795,            0.023008,           0.0047308,              0.7897,             0.74228,             0.79028,             0.36926,              0.0309,            0.023998,            0.016015,           0.0075009,           0.0075009,           0.0075009
                 108,             0.02936,            0.022719,           0.0041354,             0.83265,             0.69237,             0.79111,              0.3732,            0.031476,            0.023164,            0.016753,           0.0074585,           0.0074585,           0.0074585
                 109,            0.028007,            0.022343,           0.0045123,              0.8088,             0.70033,             0.79343,             0.36778,            0.031615,            0.023953,            0.015586,            0.007416,            0.007416,            0.007416
                 110,            0.029057,            0.023921,           0.0039523,             0.82121,             0.65369,             0.77581,             0.36644,            0.031769,             0.02399,             0.01626,           0.0073733,           0.0073733,           0.0073733
                 111,             0.02772,            0.022239,           0.0048693,             0.81161,             0.73452,             0.80457,             0.38109,            0.031707,            0.023264,            0.014858,           0.0073303,           0.0073303,           0.0073303
                 112,            0.028377,            0.022642,           0.0043218,             0.70269,              0.7527,              0.7748,             0.36177,            0.032467,            0.023317,            0.016417,           0.0072872,           0.0072872,           0.0072872
                 113,            0.028202,            0.022932,           0.0036914,             0.77624,             0.74763,             0.79563,             0.38064,            0.031147,            0.023028,            0.014935,           0.0072438,           0.0072438,           0.0072438
                 114,            0.027764,            0.022258,           0.0040899,             0.75163,             0.75288,             0.80366,             0.38793,            0.030981,            0.022902,              0.0157,           0.0072003,           0.0072003,           0.0072003
                 115,            0.027809,            0.022092,           0.0040519,             0.79043,             0.75131,             0.79013,             0.38597,            0.032023,            0.023312,            0.015305,           0.0071566,           0.0071566,           0.0071566
                 116,            0.027667,            0.022177,           0.0043053,             0.76607,             0.74036,             0.78045,             0.36771,            0.032132,            0.023576,            0.014822,           0.0071127,           0.0071127,           0.0071127
                 117,            0.027738,            0.022603,           0.0037398,             0.82313,             0.67916,             0.79136,             0.36279,            0.032027,            0.025309,            0.014503,           0.0070686,           0.0070686,           0.0070686
                 118,            0.027656,            0.022619,           0.0042113,             0.76623,             0.72163,             0.79376,             0.37606,            0.032105,            0.023707,            0.015171,           0.0070243,           0.0070243,           0.0070243
                 119,            0.027083,            0.022052,           0.0044425,             0.70908,              0.7876,             0.79427,              0.3743,            0.031668,            0.023803,             0.01416,           0.0069799,           0.0069799,           0.0069799
                 120,            0.027501,            0.022322,           0.0037527,             0.74142,             0.76863,             0.79806,             0.38956,            0.031569,            0.024171,            0.017323,           0.0069353,           0.0069353,           0.0069353
                 121,            0.026934,            0.022454,           0.0037601,             0.75645,             0.74001,             0.78179,             0.38678,             0.03235,            0.023589,             0.01519,           0.0068906,           0.0068906,           0.0068906
                 122,            0.028005,            0.021737,           0.0037959,             0.78656,             0.72109,             0.77636,             0.38982,            0.031173,            0.023961,            0.015554,           0.0068457,           0.0068457,           0.0068457
                 123,            0.027129,             0.02222,           0.0034725,             0.78169,             0.73199,             0.77613,             0.37329,            0.031369,            0.024068,            0.015709,           0.0068006,           0.0068006,           0.0068006
                 124,            0.027401,            0.020839,             0.00384,             0.81032,             0.73076,             0.78295,             0.37634,            0.031914,            0.024719,            0.014978,           0.0067555,           0.0067555,           0.0067555
                 125,             0.02686,            0.022421,           0.0038764,              0.8009,              0.6986,             0.77928,             0.37648,            0.032649,            0.024221,            0.015779,           0.0067101,           0.0067101,           0.0067101
                 126,            0.027199,            0.021767,           0.0037529,             0.78966,             0.71903,              0.7775,             0.37246,            0.032783,             0.02427,            0.017327,           0.0066647,           0.0066647,           0.0066647
                 127,            0.026834,            0.023154,           0.0033157,             0.79887,             0.73608,             0.77671,             0.36588,            0.031963,             0.02372,             0.01585,           0.0066191,           0.0066191,           0.0066191
                 128,            0.026654,            0.021969,           0.0031058,             0.83087,             0.70984,             0.78895,             0.38305,            0.031773,            0.023735,            0.017421,           0.0065734,           0.0065734,           0.0065734
                 129,            0.026255,            0.021428,           0.0033848,             0.77269,             0.74113,             0.77972,             0.38844,            0.030918,            0.024741,              0.0176,           0.0065276,           0.0065276,           0.0065276
                 130,             0.02675,            0.021432,           0.0033277,             0.77555,             0.73136,             0.78711,             0.37617,            0.031261,            0.024227,            0.016665,           0.0064816,           0.0064816,           0.0064816
                 131,            0.027178,            0.022381,           0.0031607,             0.78406,             0.72354,             0.78138,             0.37198,            0.031657,            0.024479,            0.016265,           0.0064356,           0.0064356,           0.0064356
                 132,            0.026537,            0.022139,           0.0037282,             0.80116,             0.71507,             0.77371,              0.3805,            0.031722,            0.024662,            0.018269,           0.0063895,           0.0063895,           0.0063895
                 133,            0.025525,             0.02156,           0.0038661,             0.81196,             0.73059,             0.79632,             0.39495,            0.031597,            0.024661,            0.016518,           0.0063432,           0.0063432,           0.0063432
                 134,            0.025347,             0.02124,           0.0039853,             0.84771,             0.70902,             0.78607,             0.37371,            0.032305,            0.025081,            0.016073,           0.0062969,           0.0062969,           0.0062969
                 135,            0.025536,            0.020717,           0.0031695,             0.78386,             0.74732,             0.78466,             0.36439,            0.032962,            0.024477,            0.017266,           0.0062505,           0.0062505,           0.0062505
                 136,            0.025396,            0.020397,           0.0033086,             0.80977,             0.72121,             0.77727,             0.36508,            0.032869,            0.024448,            0.015969,            0.006204,            0.006204,            0.006204
                 137,            0.026036,            0.020757,           0.0035761,              0.8415,             0.70333,             0.77336,             0.37187,            0.032291,            0.024688,            0.017483,           0.0061574,           0.0061574,           0.0061574
                 138,            0.026367,            0.021856,           0.0031744,             0.81545,             0.72788,             0.77336,             0.36857,            0.032646,             0.02516,            0.016822,           0.0061107,           0.0061107,           0.0061107
                 139,             0.02532,            0.021006,           0.0030954,             0.74518,             0.73667,             0.77262,             0.36902,            0.031661,            0.024959,            0.017753,            0.006064,            0.006064,            0.006064
                 140,            0.026204,            0.020526,           0.0030958,             0.81074,             0.70052,             0.77711,             0.37686,            0.031452,            0.024765,            0.016979,           0.0060172,           0.0060172,           0.0060172
                 141,            0.026347,            0.021356,           0.0032415,             0.78224,             0.73201,             0.78585,             0.38224,            0.032614,            0.025969,            0.015979,           0.0059704,           0.0059704,           0.0059704
                 142,            0.025539,            0.021157,           0.0029007,             0.81671,             0.72531,              0.7839,             0.37517,            0.032164,            0.024703,            0.017128,           0.0059235,           0.0059235,           0.0059235
                 143,            0.025062,            0.020383,           0.0031388,             0.79805,             0.73446,             0.79568,             0.39667,            0.032057,            0.024677,            0.018078,           0.0058766,           0.0058766,           0.0058766
                 144,            0.025522,            0.020725,           0.0030525,             0.81178,             0.69129,             0.78008,             0.35725,            0.033067,            0.024999,            0.018809,           0.0058296,           0.0058296,           0.0058296
                 145,            0.025354,            0.020672,           0.0032113,             0.75664,             0.75503,             0.77386,             0.37259,            0.033085,            0.025289,            0.017402,           0.0057826,           0.0057826,           0.0057826
                 146,            0.024644,            0.019866,           0.0030429,             0.78329,             0.73139,             0.77581,             0.38053,            0.032607,            0.025101,            0.017135,           0.0057355,           0.0057355,           0.0057355
                 147,            0.025042,            0.020723,           0.0031082,              0.8019,             0.71637,             0.77839,             0.35996,            0.033315,            0.025216,            0.015798,           0.0056884,           0.0056884,           0.0056884
                 148,            0.025318,            0.021097,            0.003385,              0.7634,             0.76128,             0.79341,             0.37668,            0.033347,            0.024479,            0.014117,           0.0056413,           0.0056413,           0.0056413
                 149,            0.024646,            0.020554,           0.0032093,             0.78601,             0.73548,             0.78236,             0.36961,            0.033766,            0.025043,             0.01691,           0.0055942,           0.0055942,           0.0055942
                 150,            0.024627,            0.020087,           0.0031446,             0.79862,             0.71683,             0.77624,              0.3692,            0.032831,            0.026037,            0.016764,           0.0055471,           0.0055471,           0.0055471
                 151,            0.024493,            0.020449,           0.0028181,             0.71698,             0.78406,              0.7657,             0.36819,            0.031854,            0.025546,            0.015865,              0.0055,              0.0055,              0.0055
                 152,             0.02459,            0.020057,           0.0028467,             0.75206,             0.74927,             0.78976,              0.3691,            0.032135,             0.02633,            0.017706,           0.0054529,           0.0054529,           0.0054529
                 153,            0.025115,            0.020089,           0.0026854,             0.75315,             0.77229,             0.77527,             0.37226,            0.032224,            0.025595,             0.01867,           0.0054058,           0.0054058,           0.0054058
                 154,             0.02518,            0.020664,            0.003462,             0.78552,             0.71683,             0.76283,             0.36548,            0.031809,            0.024966,             0.01937,           0.0053587,           0.0053587,           0.0053587
                 155,            0.024333,            0.020155,           0.0029848,             0.74229,             0.77164,             0.77021,             0.36447,            0.031727,            0.024886,            0.015532,           0.0053116,           0.0053116,           0.0053116
                 156,            0.024084,            0.020505,            0.003315,              0.7926,             0.74784,             0.78978,             0.38659,            0.031446,            0.024817,            0.015377,           0.0052645,           0.0052645,           0.0052645
                 157,            0.024627,            0.021088,           0.0029068,             0.82545,             0.69759,             0.77221,             0.38696,            0.031808,            0.025588,            0.016815,           0.0052174,           0.0052174,           0.0052174
                 158,            0.023713,            0.021128,           0.0027622,             0.81839,             0.68892,             0.76198,             0.37094,            0.031785,             0.02586,            0.018095,           0.0051704,           0.0051704,           0.0051704
                 159,             0.02476,            0.020336,           0.0030061,             0.79533,             0.71583,             0.75703,             0.37621,            0.031565,            0.025552,            0.018124,           0.0051234,           0.0051234,           0.0051234
                 160,             0.02357,             0.01926,           0.0029819,             0.83197,             0.73504,              0.7845,             0.37898,            0.032022,            0.025689,              0.0167,           0.0050765,           0.0050765,           0.0050765
                 161,            0.024304,            0.020095,           0.0030405,             0.77921,             0.74043,             0.77442,             0.37148,            0.032125,             0.02611,            0.015971,           0.0050296,           0.0050296,           0.0050296
                 162,            0.023607,            0.020196,           0.0027054,             0.77096,             0.74738,             0.78081,             0.37232,            0.032062,            0.025978,            0.016614,           0.0049828,           0.0049828,           0.0049828
                 163,            0.023154,            0.020394,           0.0025296,             0.76448,              0.7598,             0.76889,             0.35981,            0.032416,            0.026339,            0.018219,            0.004936,            0.004936,            0.004936
                 164,            0.023818,            0.020081,           0.0028853,             0.78028,             0.79253,             0.78479,             0.38073,            0.032093,            0.026093,             0.01675,           0.0048893,           0.0048893,           0.0048893
                 165,            0.023885,            0.020502,            0.002834,             0.79448,             0.73603,             0.77488,             0.37973,             0.03173,            0.025845,            0.018435,           0.0048426,           0.0048426,           0.0048426
                 166,            0.023375,            0.019483,           0.0025705,             0.80813,             0.72949,             0.76917,             0.36921,            0.031776,             0.02618,            0.019118,            0.004796,            0.004796,            0.004796
                 167,            0.023148,            0.019715,           0.0026524,             0.76399,             0.75427,             0.77132,              0.3712,              0.0324,            0.026423,             0.01822,           0.0047495,           0.0047495,           0.0047495
                 168,            0.023096,            0.019824,           0.0029907,             0.75346,             0.77571,             0.77662,             0.36482,            0.032123,            0.026717,            0.017868,           0.0047031,           0.0047031,           0.0047031
                 169,            0.022795,            0.020402,           0.0027633,              0.7709,             0.75367,             0.78695,             0.37326,             0.03227,            0.026721,            0.017964,           0.0046568,           0.0046568,           0.0046568
                 170,            0.023467,            0.019662,           0.0027744,             0.74464,             0.78373,             0.78351,             0.37054,            0.032125,            0.026751,            0.016528,           0.0046105,           0.0046105,           0.0046105
                 171,            0.023239,            0.019813,            0.002525,             0.77036,             0.72321,             0.77805,             0.36576,            0.032485,             0.02719,            0.017807,           0.0045644,           0.0045644,           0.0045644
                 172,            0.022414,            0.019111,           0.0024889,             0.72577,             0.76094,             0.76422,             0.36585,            0.031649,            0.027278,            0.018819,           0.0045184,           0.0045184,           0.0045184
                 173,            0.022661,            0.019518,           0.0023953,             0.75667,             0.74719,             0.77934,             0.36251,            0.031878,            0.026783,            0.017928,           0.0044724,           0.0044724,           0.0044724
                 174,             0.02225,            0.018826,           0.0025786,             0.78889,             0.72655,             0.78023,             0.36421,              0.0316,            0.026825,            0.017195,           0.0044266,           0.0044266,           0.0044266
                 175,            0.022163,            0.019958,           0.0023993,             0.79981,             0.72239,             0.77618,             0.36705,            0.031741,            0.026301,            0.017886,           0.0043809,           0.0043809,           0.0043809
                 176,            0.022479,            0.019568,           0.0023279,             0.75234,             0.72253,             0.75081,             0.35255,            0.031258,            0.026583,              0.0186,           0.0043353,           0.0043353,           0.0043353
                 177,            0.022723,             0.01946,           0.0026609,             0.78133,             0.73341,             0.75538,             0.36224,             0.03159,            0.026543,            0.018664,           0.0042899,           0.0042899,           0.0042899
                 178,            0.022181,            0.019374,           0.0023952,             0.80002,             0.72547,             0.75798,             0.36041,            0.031692,            0.026931,            0.018375,           0.0042445,           0.0042445,           0.0042445
                 179,            0.021538,            0.018538,           0.0024513,             0.80374,             0.73603,              0.7724,              0.3679,            0.032199,            0.027033,            0.017158,           0.0041994,           0.0041994,           0.0041994
                 180,            0.022343,            0.018907,           0.0023026,             0.78492,             0.74512,             0.77595,             0.37228,            0.032299,            0.026902,            0.016269,           0.0041543,           0.0041543,           0.0041543
                 181,            0.022515,            0.019807,           0.0023941,             0.84496,             0.72799,             0.77754,             0.36631,            0.031958,            0.026507,            0.017579,           0.0041094,           0.0041094,           0.0041094
                 182,            0.021686,            0.019487,           0.0023154,              0.7711,             0.75873,             0.76555,             0.37599,            0.032035,            0.026396,            0.019304,           0.0040647,           0.0040647,           0.0040647
                 183,            0.021841,             0.01836,           0.0023261,             0.78217,             0.74952,             0.76988,             0.36762,            0.031994,             0.02677,            0.018427,           0.0040201,           0.0040201,           0.0040201
                 184,            0.021992,            0.019206,           0.0024402,              0.7587,             0.74065,             0.76382,             0.36561,            0.032152,            0.027057,            0.018365,           0.0039757,           0.0039757,           0.0039757
                 185,            0.021507,            0.019049,           0.0021383,             0.79113,             0.70365,             0.76283,               0.358,            0.031816,            0.026712,            0.017938,           0.0039314,           0.0039314,           0.0039314
                 186,             0.02201,            0.017918,            0.002741,             0.72875,             0.75378,             0.76307,             0.36391,            0.032062,            0.026999,            0.017113,           0.0038873,           0.0038873,           0.0038873
                 187,            0.022436,            0.019967,           0.0027048,             0.74989,              0.7595,             0.73893,             0.35041,            0.032557,            0.026945,            0.019945,           0.0038434,           0.0038434,           0.0038434
                 188,            0.021353,            0.018346,           0.0026787,             0.77964,             0.72631,             0.75055,             0.37175,            0.031734,            0.026759,            0.019588,           0.0037997,           0.0037997,           0.0037997
                 189,            0.021389,            0.018114,           0.0021042,             0.78257,              0.7337,             0.75602,             0.36984,            0.032227,            0.026755,            0.019555,           0.0037562,           0.0037562,           0.0037562
